,num_inputs,num_features,num_outputs,time,iqr
0,16,16,32,24.753837856567568,0.17419578507542682
1,16,16,64,24.926675845765406,0.08595213294029054
2,16,16,128,25.110941217280928,0.3985930234193775
3,16,16,256,24.74745888676908,0.2532171085476883
4,16,16,512,24.910539719793533,0.07606800645589874
5,16,16,1024,28.775985645396368,0.1518779899924997
6,16,16,2048,28.81776423060468,0.08793473243713065
7,16,16,4096,28.66256785179888,0.24735033512115567
8,16,16,8192,27.862631517928094,1.1544584063813077
9,16,16,16384,28.705314733088017,0.12727072462439684
10,16,16,32768,28.586833285433908,0.20617409609258142
11,16,32,32,28.68852559477091,0.14132424257695508
12,16,32,64,28.819712464298522,0.24990830570459321
13,16,32,128,28.662609974188467,0.059089623391628376
14,16,32,256,27.02458875719458,2.326992643065748
15,16,32,512,25.526104134041816,0.39897840470075874
16,16,32,1024,25.514692708384246,0.1408972311764967
17,16,32,2048,25.512152281589806,0.21694758906960507
18,16,32,4096,25.315030547790233,0.29688165523112026
19,16,32,8192,25.520634604617953,0.22546688560396144
20,16,32,16384,26.419624977279454,2.0642993506044167
21,16,32,32768,25.65726559842005,0.3148165764287121
22,16,64,32,27.73100979393348,1.2512476416304708
23,16,64,64,28.52261180523783,0.3393555991351577
24,16,64,128,28.501182270701975,0.19205701537430203
25,16,64,256,26.806230423972007,1.4446591027080993
26,16,64,512,25.979061389807608,0.4769665189087373
27,16,64,1024,28.217824909370393,0.6751696113497009
28,16,64,2048,27.98363814363256,0.5073295440524845
29,16,64,4096,28.054372686892748,0.329018710181116
30,16,64,8192,28.625110629945993,0.405959226191045
31,16,64,16384,28.464972425717864,0.534558994695542
32,16,64,32768,28.76336369663477,0.25526639074087365
33,16,128,32,26.92127098562196,2.6438188739121005
34,16,128,64,27.64178881188855,0.7904819212853902
35,16,128,128,28.848095916743784,0.1186661887913888
36,16,128,256,28.741732492510764,0.09841565042734379
37,16,128,512,28.84893043498908,0.17639072611928186
38,16,128,1024,27.990168938413266,0.5082837305963086
39,16,128,2048,25.341503904201087,0.2091437578201325
40,16,128,4096,25.294388853944838,0.10785830672830732
41,16,128,8192,25.516293162945658,0.2828063443303109
42,16,128,16384,25.738269684370607,0.11968123726546807
43,16,128,32768,25.473111181054264,0.23272114340215902
44,16,256,32,26.22933031525463,0.894659315235913
45,16,256,64,25.483292946591973,0.5608096485957513
46,16,256,128,25.34432038664818,0.22140329238027184
47,16,256,256,24.872233356452654,0.35206368193030335
48,16,256,512,25.037177209742367,0.09311628527939012
49,16,256,1024,25.011797319166362,0.24535004049539763
50,16,256,2048,24.962199406905306,0.3086712211370463
51,16,256,4096,25.229882751591504,0.11216101702302649
52,16,256,8192,25.081461295485497,0.360059458762407
53,16,256,16384,25.00257348874584,0.17573379445821122
54,16,256,32768,25.733922969084237,0.2068188274279245
55,16,512,32,25.039898371323943,0.11133381631225187
56,16,512,64,25.02074835356325,0.16113964375108525
57,16,512,128,25.12191835558042,0.08275306317955063
58,16,512,256,25.016237888485197,0.17789464909583244
59,16,512,512,25.316602957900614,0.3568671410903353
60,16,512,1024,25.407166301738467,0.18567238003015515
61,16,512,2048,25.89799523120746,0.6411455105990189
62,16,512,4096,29.199428231056245,0.09466316550969892
63,16,512,8192,28.534539334941655,0.4767697071656599
64,16,512,16384,25.815685279667377,0.1292433356866241
65,16,512,32768,43.90405653044581,0.006120838224883251
66,32,16,32,26.110662205610424,0.6838636938482491
67,32,16,64,26.85330903623253,2.543930197134616
68,32,16,128,25.500150432344526,0.1667996402829897
69,32,16,256,25.73619367321953,0.44673501979559643
70,32,16,512,25.531169748865068,0.2531248144805444
71,32,16,1024,25.05502240965143,0.3467332338914295
72,32,16,2048,24.848838802427053,0.30183102935552514
73,32,16,4096,25.38682264275849,0.6199596682563424
74,32,16,8192,26.409075350966305,2.189765265211462
75,32,16,16384,24.842681218352585,0.2051497809588918
76,32,16,32768,25.472260953392837,0.2865432528778907
77,32,32,32,24.87381436965532,0.30938955023884757
78,32,32,64,24.824580922722816,0.4630970768630502
79,32,32,128,25.22573861060664,0.784745160490276
80,32,32,256,24.958951129681534,0.12275557965040422
81,32,32,512,25.261957442853596,0.417331675998867
82,32,32,1024,24.723057893829218,0.1344241201877603
83,32,32,2048,24.860725324187012,0.12383749708533555
84,32,32,4096,24.77769804083639,0.196325033903119
85,32,32,8192,24.812293073369396,0.15062177553772763
86,32,32,16384,25.28011701069772,0.37881755270064005
87,32,32,32768,25.213190284557648,0.18522134050726882
88,32,64,32,25.20997574320063,0.4223533207550626
89,32,64,64,25.059917126782235,0.37632370367646106
90,32,64,128,25.986366008874032,0.309516279958187
91,32,64,256,27.99002110259607,0.8282377850264301
92,32,64,512,28.858062744672807,0.04821559414267703
93,32,64,1024,28.883479242878295,0.09390818886459079
94,32,64,2048,28.006351937074214,0.9410302620381112
95,32,64,4096,25.33413616474718,0.2131403889507048
96,32,64,8192,25.379838759545237,0.12683987151831524
97,32,64,16384,25.66417638445273,0.20152076613157963
98,32,64,32768,25.632380787283182,0.0871900934726005
99,32,128,32,25.54593263193965,0.4547881428152318
100,32,128,64,25.582699012011293,0.4090107977390277
101,32,128,128,27.908748330082744,1.501515205018223
102,32,128,256,29.019660755459743,0.08212835527956415
103,32,128,512,27.808904345147308,1.5729606617242093
104,32,128,1024,25.889310881029818,0.26828723493963114
105,32,128,2048,25.295283331070095,0.08337779436260595
106,32,128,4096,25.55019780993462,0.11658014263957599
107,32,128,8192,25.751642091199752,0.25276052765548407
108,32,128,16384,25.735613226424903,0.07275792304426372
109,32,128,32768,27.334142720792446,1.621177908964457
110,32,256,32,28.45006511779502,0.3891446394845825
111,32,256,64,26.736750570125878,1.718170824460686
112,32,256,128,25.42271373094991,0.12336934451014098
113,32,256,256,25.67860409617424,0.26739353779703506
114,32,256,512,25.582179508637637,0.2788521582260734
115,32,256,1024,26.747644133865833,2.4554240284487596
116,32,256,2048,28.860138702605454,0.08332110010087358
117,32,256,4096,28.859146604580538,0.08070827461779118
118,32,256,8192,28.932732024363105,0.17912453040480672
119,32,256,16384,28.734657713877304,0.0853597186505779
120,32,256,32768,28.725332460765333,0.13504829257726464
121,32,512,32,28.709060911621364,0.34357425756752696
122,32,512,64,28.79719221964479,0.18673581071198322
123,32,512,128,28.84245910016554,0.0561301596462726
124,32,512,256,27.485538669861853,2.161984029226001
125,32,512,512,25.873874872922897,0.11191179510206012
126,32,512,1024,25.883130496367816,0.15314219053834557
127,32,512,2048,28.974181985748668,0.1869751140475264
128,32,512,4096,26.005200308281932,0.3652243176475198
129,32,512,8192,25.92294825008139,0.4905829904600968
130,32,512,16384,26.27409502165392,0.13952082954347092
131,32,512,32768,43.981811888515956,0.0035119242966136807
132,64,16,32,25.640023802407086,0.21420102566480503
133,64,16,64,25.10832641273737,0.20250626839697178
134,64,16,128,25.01346482895315,0.1271584304049652
135,64,16,256,25.38400669582188,0.426472397521141
136,64,16,512,25.783206184860315,0.27539951261133067
137,64,16,1024,25.605238997377455,0.1598469680175165
138,64,16,2048,26.688444404862825,2.9536491492763153
139,64,16,4096,25.825227936729792,0.33635376021266356
140,64,16,8192,25.443731923587624,0.10766205377877071
141,64,16,16384,26.52709629619494,2.7453313348814863
142,64,16,32768,28.499657602515075,0.3664285875856886
143,64,32,32,28.63935373191323,0.1384395640343423
144,64,32,64,25.38643127772957,0.21929033100604817
145,64,32,128,25.353787059430033,0.13270832132548388
146,64,32,256,25.869561405852437,0.7046799175441264
147,64,32,512,25.753190973773602,1.5195969725027694
148,64,32,1024,25.126385304611176,0.09378243703395034
149,64,32,2048,25.236289342865348,0.35443226806819306
150,64,32,4096,25.042301998473704,0.4528028890490533
151,64,32,8192,28.663270667727502,0.10626153089106187
152,64,32,16384,26.85404747026041,2.705457480624318
153,64,32,32768,25.809857319109142,0.3909077029675261
154,64,64,32,25.847300095483657,0.21930974908172965
155,64,64,64,25.679815700277686,0.14188648201525353
156,64,64,128,25.43865819461644,0.11589899659157055
157,64,64,256,25.325655576307327,0.26912086177617767
158,64,64,512,25.299275456927717,0.1545722363516659
159,64,64,1024,27.19456935301423,3.0237094732001406
160,64,64,2048,26.75641031237319,1.842019241303209
161,64,64,4096,25.44979765079916,0.19769591744989237
162,64,64,8192,25.519229809287932,0.2756262663751845
163,64,64,16384,25.441439193673432,0.16557977069169372
164,64,64,32768,25.407318584620953,0.0961252953857174
165,64,128,32,25.42209274834022,0.23619080893695488
166,64,128,64,25.52964475471526,0.13202033005655175
167,64,128,128,25.692912458907813,0.3417583880946052
168,64,128,256,26.179254637099806,0.24751976598054332
169,64,128,512,26.93222543457523,2.0818047458305977
170,64,128,1024,25.527387973852456,0.3162684384733456
171,64,128,2048,25.685001967940483,0.2979085780680207
172,64,128,4096,27.395823260303583,2.807827480137351
173,64,128,8192,25.759705039672557,0.26859692297875665
174,64,128,16384,25.6095556425862,0.18621934577822613
175,64,128,32768,25.433032005093995,0.12454155366867714
176,64,256,32,26.31850087782368,0.7725405273959057
177,64,256,64,28.8813226457153,0.09952872060239507
178,64,256,128,26.515917014330626,1.291536726057528
179,64,256,256,26.52285203803331,0.8860749658197166
180,64,256,512,25.580146710854027,0.20979181863367874
181,64,256,1024,24.98280266299844,0.23528952151537094
182,64,256,2048,25.140308297704905,0.4007598618045437
183,64,256,4096,25.135265931021422,0.10957985650748069
184,64,256,8192,25.223865499719977,0.1994068268686536
185,64,256,16384,24.97411459270451,0.07559685036540066
186,64,256,32768,25.904915144201368,0.055896188132464844
187,64,512,32,24.952850656376945,0.4360722377896303
188,64,512,64,25.11823136592284,0.3912747371941799
189,64,512,128,26.9089788547717,2.644166653044521
190,64,512,256,25.66479354863986,0.2998221432790182
191,64,512,512,27.617746801115572,1.5322780935093765
192,64,512,1024,25.986151128717054,0.4580710083246218
193,64,512,2048,25.255280686542392,0.16201154794544034
194,64,512,4096,27.57227619877085,3.8552379002794623
195,64,512,8192,27.2188212024048,2.6079147588461624
196,64,512,16384,28.759220854512282,0.24764267727732164
197,64,512,32768,43.95018249750137,0.008179340511561524
198,128,16,32,25.00942471669987,0.544637418352069
199,128,16,64,24.904738045814966,0.1378347165882609
200,128,16,128,24.843478502912653,0.17212098464369793
201,128,16,256,24.887679900146193,0.40942430496215987
202,128,16,512,24.93746223756009,0.12171026319265563
203,128,16,1024,24.928237942771776,0.06446763873100352
204,128,16,2048,24.875827009479206,0.14650262892245955
205,128,16,4096,25.03560389159247,0.21604346111416578
206,128,16,8192,24.97841174610787,0.1272334717214114
207,128,16,16384,25.047031044960022,0.4775519249960785
208,128,16,32768,25.37523680366576,0.5380890797823661
209,128,32,32,25.548038457054645,0.14427474234253135
210,128,32,64,25.3329697647132,0.21808715537190226
211,128,32,128,26.24720133608207,0.9283765219151973
212,128,32,256,26.82528108125553,2.8705925447866285
213,128,32,512,28.54058452649042,0.2759302500635372
214,128,32,1024,28.458322712685913,0.3001907141879186
215,128,32,2048,26.710395328700542,3.515535034239294
216,128,32,4096,26.54645487200469,1.6540326178073856
217,128,32,8192,25.767391419503838,0.40357708930969477
218,128,32,16384,25.338049756828692,0.20125715527683302
219,128,32,32768,26.119656302034855,0.734366313554346
220,128,64,32,27.613416663371027,2.386077027767896
221,128,64,64,27.46550424490124,2.477818168699742
222,128,64,128,25.414611771702766,0.15827305614948303
223,128,64,256,25.31954544829205,0.13976343907415853
224,128,64,512,25.408495706506073,0.1445424277335457
225,128,64,1024,25.679561111610383,0.15041152946650685
226,128,64,2048,25.498877826612443,0.07601012475788155
227,128,64,4096,25.585357972886413,0.2941130427643659
228,128,64,8192,25.495204888284206,0.2004005247727054
229,128,64,16384,25.95749603351578,0.27230097912251844
230,128,64,32768,27.040869928896424,2.6930188992992052
231,128,128,32,27.833222306799144,2.0043282536789784
232,128,128,64,26.004440744873136,0.8326336042955508
233,128,128,128,27.315199899021536,1.65430586785078
234,128,128,256,26.032258884515613,0.5569168832153099
235,128,128,512,26.456871849950403,1.8448308575898391
236,128,128,1024,28.293786733411256,0.29273123946040824
237,128,128,2048,28.582345960395678,0.2735055517405282
238,128,128,4096,27.226021385286003,2.4115100037306547
239,128,128,8192,25.789833464659754,0.26095525827258687
240,128,128,16384,25.669255177490413,0.3131103934720145
241,128,128,32768,25.315005367156118,0.15584165230393676
242,128,256,32,25.609298527706414,0.1681334106251603
243,128,256,64,25.653171841986477,0.16088685952127116
244,128,256,128,25.547198962885886,0.12760974932461686
245,128,256,256,25.448755815159526,0.19167775753885516
246,128,256,512,25.56371403625235,0.14818457420915346
247,128,256,1024,25.724093290045857,0.36595789715647625
248,128,256,2048,25.88501562131569,0.16494425944984017
249,128,256,4096,28.12132228864357,2.0586761180311433
250,128,256,8192,25.742992968298495,0.1898156479001063
251,128,256,16384,27.496552607044578,2.7186821913346653
252,128,256,32768,25.87330515962094,0.12094920966774071
253,128,512,32,25.8512104395777,0.3032371634617449
254,128,512,64,26.403842086438086,0.8979653008282217
255,128,512,128,25.538900203537196,0.49558083992451235
256,128,512,256,27.476789930369705,2.9405248584225783
257,128,512,512,28.71062919231398,0.34320321865379844
258,128,512,1024,28.85138941928744,0.07493756711482921
259,128,512,2048,27.179611520841718,1.9846916897222393
260,128,512,4096,25.821768876630816,0.25631086900829914
261,128,512,8192,27.01430080924183,2.179416408762334
262,128,512,16384,26.076030079275366,0.0027879839763049214
263,128,512,32768,44.25556305795908,0.002987124025821057
264,256,16,32,26.57652024645358,2.448045508936047
265,256,16,64,25.60056154616177,0.27759501244872653
266,256,16,128,26.6864599310793,2.9758721590042114
267,256,16,256,28.421603271272033,0.34185380209237315
268,256,16,512,25.50557060167193,0.16690681222826498
269,256,16,1024,25.935651489999145,0.6424304097890863
270,256,16,2048,26.50759953539818,1.6139381797984222
271,256,16,4096,25.454123178496957,0.1609080005437128
272,256,16,8192,26.381726330146194,0.6487670121714461
273,256,16,16384,25.474553229287263,0.24553199764341252
274,256,16,32768,25.551988091319796,0.1474690856412042
275,256,32,32,25.38419138872996,0.354117108508946
276,256,32,64,26.071871200110767,0.8672668132930987
277,256,32,128,25.201653537806127,0.6155575392767773
278,256,32,256,25.335041084326804,0.2721403492614622
279,256,32,512,25.746709831356235,0.5898345261812227
280,256,32,1024,25.455425889231265,0.406833575107156
281,256,32,2048,25.30206687155023,0.6903661414980902
282,256,32,4096,25.247106095775962,0.4012115765363016
283,256,32,8192,24.97037703999215,0.5093733780086037
284,256,32,16384,24.977162521746422,0.14148484915494924
285,256,32,32768,24.82969130699833,0.19242893904447442
286,256,64,32,25.19621136598289,0.33188059460371666
287,256,64,64,25.223866326268762,0.18027098849415818
288,256,64,128,24.948864274968702,0.29287040233611983
289,256,64,256,24.935610799325836,0.14075608924031494
290,256,64,512,24.97678025522166,0.10843528434634433
291,256,64,1024,24.815575416303343,0.11219326406717277
292,256,64,2048,25.12612136779353,0.23432287853210929
293,256,64,4096,24.947492716213073,0.2737957984209034
294,256,64,8192,24.81176105017463,0.09371200576424382
295,256,64,16384,25.21245697280392,0.1473063603043504
296,256,64,32768,25.245050177909434,0.15205859672277824
297,256,128,32,24.78324876477321,0.27892533689737337
298,256,128,64,24.71351322407524,0.14695115387439694
299,256,128,128,24.90306527664264,0.12368122115731238
300,256,128,256,25.290393486920024,0.6291153840720685
301,256,128,512,24.966685380786654,0.21034795790910832
302,256,128,1024,24.934606709414062,0.1526445150375361
303,256,128,2048,25.032541807740927,0.20645598415285224
304,256,128,4096,24.97365643373794,0.233538728207348
305,256,128,8192,27.79546560486779,2.604636852629481
306,256,128,16384,28.83223478815385,0.33073853701352923
307,256,128,32768,28.598256257828325,0.21726018749177559
308,256,256,32,28.538287815172225,0.44052314478904037
309,256,256,64,28.286794293671846,0.5815095966681845
310,256,256,128,28.874636694256747,0.1537200994789608
311,256,256,256,27.60272693121806,1.4889869140461052
312,256,256,512,25.446481234394017,0.15945693012327142
313,256,256,1024,25.380827917251736,0.302144535817205
314,256,256,2048,25.464670883957293,0.128923240117731
315,256,256,4096,25.535228941589594,0.1806218875572095
316,256,256,8192,25.726864172611382,0.05232668481767154
317,256,256,16384,26.499963575042788,2.596574416384101
318,256,256,32768,26.958270638715472,1.628648932091892
319,256,512,32,25.35021468065679,0.10878462344408026
320,256,512,64,25.39690687553957,0.13504694215953505
321,256,512,128,25.664387445431203,0.49406869802624004
322,256,512,256,25.665784964803606,0.2511056605726491
323,256,512,512,25.361788820009682,0.3744919784367055
324,256,512,1024,26.623008132446554,1.6980960033833974
325,256,512,2048,25.83958290051669,0.0868989154696471
326,256,512,4096,26.130424614530057,0.3216983051970621
327,256,512,8192,28.078851511236284,1.7586197238415484
328,256,512,16384,27.257473638746887,2.417534263804557
329,256,512,32768,44.45196593180299,0.006479118019340004
330,512,16,32,25.790002662688494,0.3574067493900663
331,512,16,64,25.54027481237426,0.20581360440701332
332,512,16,128,28.47358260769397,0.4062876105308529
333,512,16,256,25.687907577957958,0.22790241055190638
334,512,16,512,25.87854436133057,0.8010124554857612
335,512,16,1024,25.302148656919602,0.1709056785330175
336,512,16,2048,25.0093468814157,0.13693878427148126
337,512,16,4096,25.198273092973974,0.3504943335428854
338,512,16,8192,25.195539731066674,0.23042906541377245
339,512,16,16384,25.039483013097197,0.13937191106379107
340,512,16,32768,25.13971527805552,0.16273586079478308
341,512,32,32,25.197099486831572,0.46217376366257396
342,512,32,64,25.0873664743267,0.1337363151833384
343,512,32,128,25.049209932330992,0.07967529818415621
344,512,32,256,25.085270474664867,0.1138463616371132
345,512,32,512,25.108877336606383,0.21460198331624114
346,512,32,1024,25.002624839544296,0.182823650538919
347,512,32,2048,25.145065749529746,0.1532848458737118
348,512,32,4096,25.158580811694264,0.3028123406693324
349,512,32,8192,25.181126315146685,0.28127166442572965
350,512,32,16384,25.149465282447636,0.20685442723333602
351,512,32,32768,25.147343485150486,0.1002217642962939
352,512,64,32,25.50924269209622,0.6026681512594229
353,512,64,64,25.111543608363718,0.09901225566864136
354,512,64,128,25.066091679036617,0.2478608861565609
355,512,64,256,25.154248054604977,0.06216266192495912
356,512,64,512,25.06084365304559,0.4334344994276761
357,512,64,1024,24.960810039192438,0.3246825188398348
358,512,64,2048,25.05162805318832,0.11524406727403554
359,512,64,4096,25.113437790423628,0.35700702574103915
360,512,64,8192,24.95533481447233,0.16146097332239073
361,512,64,16384,25.006812438368794,0.2536742947995643
362,512,64,32768,25.32568301539868,0.06530811078846319
363,512,128,32,25.117353466339406,0.17419666983187407
364,512,128,64,25.0185662182048,0.30554593540728153
365,512,128,128,25.0753118423745,0.17071666661649684
366,512,128,256,24.86207087834676,0.12521203607320833
367,512,128,512,25.161647759143662,0.7024593651294727
368,512,128,1024,24.900329247530966,0.1937587745487701
369,512,128,2048,24.9669398388101,0.13117073103785426
370,512,128,4096,25.0823897193186,0.27835043147206506
371,512,128,8192,25.312229618430138,0.1370164100080728
372,512,128,16384,25.23270909441635,0.15579443424940398
373,512,128,32768,24.944874747759766,0.13333037495613198
374,512,256,32,25.049335299991075,0.16792593523860183
375,512,256,64,25.067523564212028,0.053127435967324395
376,512,256,128,25.084361783228815,0.1434676814824339
377,512,256,256,25.08927162270993,0.2716862130910172
378,512,256,512,25.533997389601964,0.4675379022955889
379,512,256,1024,26.12356337485835,1.0322242276743034
380,512,256,2048,27.480554184876382,2.5748484535142766
381,512,256,4096,25.783484848216176,0.2545733004808405
382,512,256,8192,27.411190024577085,3.3053090330213304
383,512,256,16384,25.32636349787936,0.1475121825933451
384,512,256,32768,26.642642763908952,0.13121755328029097
385,512,512,32,25.541389489080757,0.15914118848741135
386,512,512,64,25.519298773724586,0.21221404895186638
387,512,512,128,28.779493658138176,0.07199393585323834
388,512,512,256,28.29543228726834,1.0926607996225357
389,512,512,512,28.915388496326546,0.04857378080486851
390,512,512,1024,28.764021995344336,0.41062803938985
391,512,512,2048,27.80125791905448,1.6643919283524158
392,512,512,4096,26.983531413134187,3.5830194829031847
393,512,512,8192,28.916976281574794,0.16908524557948018
394,512,512,16384,26.4533759909682,0.007835659198460692
395,512,512,32768,44.754771124571555,0.00921422615647366
396,1024,16,32,25.334514386486266,0.4995656432583944
397,1024,16,64,24.910742375585773,0.27121966704726225
398,1024,16,128,25.11366183171049,0.5140372086316349
399,1024,16,256,25.01059682108462,0.363523466512561
400,1024,16,512,25.07399532737003,0.3850835375487798
401,1024,16,1024,25.688711612019688,0.47944944817572865
402,1024,16,2048,26.278395031113174,1.6370753291994329
403,1024,16,4096,27.345987095031887,2.361564966849982
404,1024,16,8192,26.342139160260558,1.1326343752443806
405,1024,16,16384,26.496340043377128,1.3286923989653603
406,1024,16,32768,25.406228157225996,0.1394146122038325
407,1024,32,32,25.3582421108149,0.13440430629998273
408,1024,32,64,26.75232283072546,2.0896204980090225
409,1024,32,128,26.06857875362039,0.252072373405097
410,1024,32,256,25.02722572535276,0.1807408640161163
411,1024,32,512,25.599403632804755,0.674165156669913
412,1024,32,1024,25.192223105113953,0.23786514066159548
413,1024,32,2048,25.147419283166528,0.19587948918342302
414,1024,32,4096,25.143556192051623,0.07286882027983824
415,1024,32,8192,25.262427935376763,0.23612573277205604
416,1024,32,16384,25.307983753737062,0.4914026008918869
417,1024,32,32768,25.24769622832537,0.19448895473033379
418,1024,64,32,25.10349068325013,0.06191260181366966
419,1024,64,64,24.959321785718206,0.283317919820546
420,1024,64,128,24.941798123634527,0.16000792384147577
421,1024,64,256,24.90977335514294,0.133412424474953
422,1024,64,512,26.173585769720376,1.8977669067680834
423,1024,64,1024,26.836532924789935,2.0497751887887703
424,1024,64,2048,28.003157547209412,1.0899388231337077
425,1024,64,4096,27.005179272964597,2.1027784794569038
426,1024,64,8192,26.174372003879398,1.98418153449893
427,1024,64,16384,25.233171449508514,0.11534793302416638
428,1024,64,32768,25.07989074802026,0.10484645608812806
429,1024,128,32,25.54701393237338,0.08991027716547519
430,1024,128,64,25.68072711583227,0.34813114907592413
431,1024,128,128,25.73261456564069,0.17424111720174454
432,1024,128,256,26.392838347237557,1.8798964563757186
433,1024,128,512,25.54591972148046,0.18300572410225785
434,1024,128,1024,25.549261970445514,0.21340013481676953
435,1024,128,2048,25.90982604306191,0.19576896447688585
436,1024,128,4096,28.4807448158972,0.7049361942335952
437,1024,128,8192,28.199777856934816,0.4524294519796964
438,1024,128,16384,27.781218057498336,2.1273299353197253
439,1024,128,32768,25.679851288441565,0.21988553926348522
440,1024,256,32,25.628753891214732,0.18075271509587876
441,1024,256,64,26.312481914646924,0.8636959595605724
442,1024,256,128,25.61605490045622,0.7439175853505728
443,1024,256,256,24.95975250171291,0.23804893717169787
444,1024,256,512,25.0103855622001,0.23293704725801825
445,1024,256,1024,24.901262205094103,0.17566150054335508
446,1024,256,2048,25.101496616844084,0.14678353909403138
447,1024,256,4096,25.15971863176674,0.13227304443716942
448,1024,256,8192,25.26445152470842,0.14030844904482478
449,1024,256,16384,25.100994214881208,0.13103676028549546
450,1024,256,32768,26.514789136126637,0.002660183236004635
451,1024,512,32,25.21047677146271,0.10842180345207683
452,1024,512,64,25.364716188050807,0.0730637228116385
453,1024,512,128,25.195884669665247,0.08200337179005036
454,1024,512,256,25.083933456335213,0.11472920887172143
455,1024,512,512,25.025408156216145,0.2177692484110618
456,1024,512,1024,24.941439730011755,0.2645433880388729
457,1024,512,2048,25.27935457183048,0.2534053521230823
458,1024,512,4096,25.10476786410436,0.14302416238933904
459,1024,512,8192,25.098862778395414,0.1953392056748272
460,1024,512,16384,27.159059862606227,0.0014487653970749338
461,1024,512,32768,46.05978203937411,0.008218921720978888
462,2048,16,32,25.037332368083298,0.18378074746579146
463,2048,16,64,24.99763240209884,0.11708270758390403
464,2048,16,128,25.098700320813805,0.310128019191326
465,2048,16,256,24.983199911169063,0.3483528271317492
466,2048,16,512,25.173087895382196,0.47131541650742614
467,2048,16,1024,25.05790279246867,0.21986546926200445
468,2048,16,2048,24.87599466823869,0.11263703927397428
469,2048,16,4096,24.849480907950134,0.25547258555888874
470,2048,16,8192,25.012364354915917,0.13927195686846627
471,2048,16,16384,24.962969455454086,0.20690299570560516
472,2048,16,32768,25.160623295232654,0.4572205943986768
473,2048,32,32,24.77290001180437,0.18746489658952056
474,2048,32,64,24.971139813876814,0.1319081522524339
475,2048,32,128,25.381372438278046,0.3077127039432513
476,2048,32,256,24.916134712596737,0.29998524114489583
477,2048,32,512,24.900140975498488,0.10559204965829849
478,2048,32,1024,25.043591635767374,0.10199709795415804
479,2048,32,2048,25.054819218348715,0.17136570531874884
480,2048,32,4096,25.18715000478551,0.16117154154926638
481,2048,32,8192,24.964925750262207,0.2288348972797412
482,2048,32,16384,24.927310117830828,0.09529106318950588
483,2048,32,32768,24.970269586063093,0.05692774429917044
484,2048,64,32,25.218107376713306,0.3703758353367443
485,2048,64,64,25.234464346431196,0.1708171330392383
486,2048,64,128,24.968307930976152,0.21350588649511207
487,2048,64,256,28.638425695576842,0.3487661015242335
488,2048,64,512,26.250116841401905,0.9149364661425313
489,2048,64,1024,25.543018011376265,0.13666872400790403
490,2048,64,2048,27.11868106853217,3.0051802983507554
491,2048,64,4096,25.476630602497607,0.31621183734387176
492,2048,64,8192,25.516394153237343,0.1549463951960185
493,2048,64,16384,25.727698591072112,0.21574755664914871
494,2048,64,32768,26.425809366628528,1.0611170670017585
495,2048,128,32,27.897360210772604,1.3526531402021635
496,2048,128,64,29.02275249361992,0.07925666868686766
497,2048,128,128,25.321012747008353,0.598109140992166
498,2048,128,256,24.85801007391678,0.28425967320799794
499,2048,128,512,24.612455349415537,0.14885663986206218
500,2048,128,1024,24.941105840520727,0.14781579375267062
501,2048,128,2048,25.159181351773444,0.226285331882539
502,2048,128,4096,25.964387657586485,0.24670122656971405
503,2048,128,8192,25.677870924118906,0.20643672905862567
504,2048,128,16384,26.238744717556987,0.48313180450350457
505,2048,128,32768,25.00417703348729,0.2757125534117214
506,2048,256,32,25.348458264488727,0.15034289099275694
507,2048,256,64,25.20301138283685,0.10402381885796896
508,2048,256,128,25.31248749000952,0.1455739839002479
509,2048,256,256,25.13186720898375,0.1711925258859999
510,2048,256,512,25.033341615926474,0.17710821703076002
511,2048,256,1024,26.2551351566799,1.9732033833861344
512,2048,256,2048,27.978975290898234,1.681553013622762
513,2048,256,4096,26.259788672905415,1.08708923216909
514,2048,256,8192,26.109538786113262,1.0089411400258543
515,2048,256,16384,28.991562327636135,0.06879260763525952
516,2048,256,32768,29.009675726826703,0.09010918438434339
517,2048,512,32,28.744057472795248,0.3185063600540176
518,2048,512,64,25.68297869293019,0.17130714841186687
519,2048,512,128,26.01465202169493,1.1428649071604013
520,2048,512,256,26.419151748996228,1.6569860046729448
521,2048,512,512,25.255300116259605,0.21768894512206302
522,2048,512,1024,25.36773121682927,0.22794657852500474
523,2048,512,2048,25.42180905584246,0.6250479491427523
524,2048,512,4096,27.165774814784527,2.1149070700630532
525,2048,512,8192,27.213653537910428,1.8155232537537807
526,2048,512,16384,30.411706133080383,0.00821454450488374
527,2048,512,32768,50.04937113262713,0.002999557182193182
528,4096,16,32,26.165762078016996,0.30182788614183564
529,4096,16,64,26.3709275983274,3.418883425183596
530,4096,16,128,25.00155654270202,0.213911198079588
531,4096,16,256,25.23699606535956,0.5164598114788532
532,4096,16,512,25.003982956210773,0.2772673033177868
533,4096,16,1024,25.257904978934675,0.2725177211686974
534,4096,16,2048,25.18630888080224,0.08104422595351808
535,4096,16,4096,25.100622535683215,0.06065997295081414
536,4096,16,8192,25.031224100126163,0.049684103578329704
537,4096,16,16384,25.112757389433682,0.3775275778025406
538,4096,16,32768,25.283976702485234,0.40745073929428893
539,4096,32,32,24.937307358615925,0.10696817189455218
540,4096,32,64,25.037453044205904,0.4993461072444911
541,4096,32,128,24.85773571663433,0.10753171518444925
542,4096,32,256,25.035474728792906,0.1694169593974946
543,4096,32,512,25.135206279810518,0.16524321399629166
544,4096,32,1024,25.06058487342671,0.14313028659671556
545,4096,32,2048,25.104507408104833,0.27717538177967355
546,4096,32,4096,25.014720100443807,0.18358656670898352
547,4096,32,8192,25.019989523570985,0.09154865983873912
548,4096,32,16384,25.176472740713507,0.27625190559774576
549,4096,32,32768,25.308101775590327,0.12542821932584308
550,4096,64,32,25.0044449335999,0.29787113890051825
551,4096,64,64,25.184312870260328,0.4577740328386438
552,4096,64,128,25.057576410472393,0.31323779840022553
553,4096,64,256,25.517532310914245,0.6878515472635657
554,4096,64,512,25.44540780363604,0.09263271931559217
555,4096,64,1024,25.08591148070991,0.2611383097246315
556,4096,64,2048,25.119315460324287,0.19010433461516946
557,4096,64,4096,25.20586766768247,0.131435994990168
558,4096,64,8192,25.172825669869777,0.2924841595813636
559,4096,64,16384,25.19018460297957,0.21572092082351335
560,4096,64,32768,25.090426125098023,0.2464012941345568
561,4096,128,32,24.96583539371689,0.13287924230098713
562,4096,128,64,25.236533139832318,0.16446313820779473
563,4096,128,128,25.14984161825851,0.06470631342380946
564,4096,128,256,25.347344134934247,0.4412425681948679
565,4096,128,512,25.288171239662915,0.42303956579417246
566,4096,128,1024,25.169164047110826,0.38595604710281
567,4096,128,2048,25.086074485443532,0.26043227408080954
568,4096,128,4096,25.15993257984519,0.08517892565578238
569,4096,128,8192,25.262441101949662,0.1400781795382474
570,4096,128,16384,25.45725852251053,0.5138752050697802
571,4096,128,32768,25.262235943228006,0.1082652015611506
572,4096,256,32,25.065967696718875,0.05407507997005936
573,4096,256,64,25.088877289090306,0.1803998602554227
574,4096,256,128,25.200095039326694,0.11262767948210206
575,4096,256,256,25.006741203833375,0.1582728931680315
576,4096,256,512,25.439918623305857,0.5759999854490168
577,4096,256,1024,25.18605994991958,0.39973680395632855
578,4096,256,2048,25.357325933873657,0.13834582641720694
579,4096,256,4096,25.3225083113648,0.27792295441031417
580,4096,256,8192,25.39682602509856,0.06959773600101092
581,4096,256,16384,25.2414413029328,0.3388678887859024
582,4096,256,32768,30.53591352488313,0.003568548709163193
583,4096,512,32,25.151672714855522,0.24116418790072225
584,4096,512,64,24.84838067450457,0.434866640716794
585,4096,512,128,25.171404762659222,0.11341066565364398
586,4096,512,256,25.202408235054463,0.4194387001916767
587,4096,512,512,25.126654992345724,0.20804828964174063
588,4096,512,1024,25.079255062155426,0.08912610355764504
589,4096,512,2048,25.168169825337824,0.11649490334093447
590,4096,512,4096,25.184070481918752,0.1612595049664359
591,4096,512,8192,25.27259936323389,0.1200250349938861
592,4096,512,16384,34.80329792946577,0.005576130934061365
593,4096,512,32768,56.20596376247704,0.005115428939455062
